Name,Team,Position,Height,Weight,College,Salary
Anthony Wilson,Warriors,TE,6'3",260 lbs,Alabama,8218446
Andrew Martin,Bears,DE,6'1",232 lbs,Florida,9629590
Charles Gonzalez,Eagles,WR,6'3",208 lbs,Alabama,16871494
Charles Garcia,Eagles,S,5'9",194 lbs,Alabama,13446733
Paul Rodriguez,Titans,OT,6'8",304 lbs,LSU,21152219
John Lopez,Warriors,RB,5'10",193 lbs,Notre Dame,13048426
Paul Wilson,Lions,CB,6'0",205 lbs,LSU,14426995
James Johnson,Warriors,WR,6'2",211 lbs,Clemson,24808758
David Gonzalez,Eagles,LB,6'6",231 lbs,Alabama,21994133
Joshua Jackson,Lions,OT,6'7",300 lbs,Florida,21978035
Anthony Moore,Panthers,OT,6'6",302 lbs,Michigan,18642956
Donald Anderson,Bears,DT,6'6",332 lbs,LSU,2594826
Matthew Davis,Eagles,OG,6'5",340 lbs,Clemson,18500421
Richard Lopez,Eagles,P,6'2",195 lbs,Notre Dame,17753711
David Smith,Eagles,OT,6'2",317 lbs,Florida,11961237
Anthony Martinez,Titans,CB,6'2",189 lbs,Michigan,15051329
James Johnson,Eagles,C,6'8",320 lbs,Texas,11276517
Christopher Miller,Spartans,WR,5'9",199 lbs,Texas,19286644
Donald Martin,Vikings,CB,5'10",212 lbs,LSU,17737668
Thomas Gonzalez,Spartans,DT,6'5",313 lbs,Notre Dame,24446331
Christopher Moore,Warriors,WR,6'2",195 lbs,LSU,13361081
Michael Johnson,Titans,K,5'11",191 lbs,Ohio State,24041683
James Thomas,Lions,CB,5'9",190 lbs,Florida,2200646
Daniel Garcia,Eagles,RB,6'2",185 lbs,Alabama,10064529
David Jackson,Titans,CB,5'10",187 lbs,Alabama,8471275
Donald Miller,Warriors,OG,6'3",309 lbs,Ohio State,2607093
Mark Hernandez,Lions,RB,5'9",190 lbs,Texas,24550199
David Thomas,Eagles,C,6'2",306 lbs,LSU,5326049
Daniel Brown,Titans,C,6'5",322 lbs,Clemson,2322276
James Garcia,Eagles,DE,6'2",250 lbs,Georgia,10544794
Matthew Smith,Eagles,K,5'10",189 lbs,Clemson,17871257
Richard Miller,Bears,DE,6'4",256 lbs,USC,7224082
Michael Brown,Vikings,S,6'2",200 lbs,Notre Dame,4702625
Joshua Taylor,Titans,LB,6'6",258 lbs,Ohio State,19399132
James Miller,Panthers,WR,6'0",197 lbs,Texas,9537901
Charles Johnson,Spartans,WR,5'11",193 lbs,Notre Dame,22280642
Richard Martin,Panthers,LB,6'4",242 lbs,Notre Dame,24717773
William Martinez,Spartans,QB,6'3",242 lbs,Notre Dame,15555834
Steven Anderson,Lions,CB,5'10",209 lbs,Notre Dame,21170064
Robert Martinez,Titans,OT,6'6",325 lbs,Clemson,22632696
Christopher Brown,Panthers,K,6'3",188 lbs,Florida,21651790
Christopher Anderson,Warriors,WR,5'10",213 lbs,Ohio State,23579658
Joshua Lopez,Spartans,K,5'10",187 lbs,Florida,20313981
John Miller,Vikings,LB,6'1",258 lbs,Ohio State,2651860
Donald Taylor,Vikings,OT,6'2",306 lbs,Notre Dame,17376328
James Johnson,Titans,DT,6'4",324 lbs,Florida,13686782
Robert Martin,Vikings,RB,5'10",195 lbs,Alabama,3495171
John Smith,Warriors,QB,6'2",241 lbs,USC,11952947
Joseph Brown,Panthers,C,6'4",325 lbs,Clemson,7846836
John Hernandez,Lions,OT,6'8",334 lbs,USC,24728044
David Gonzalez,Warriors,K,6'0",200 lbs,Georgia,1515594
Daniel Brown,Eagles,DT,6'8",323 lbs,Texas,3692259
Steven Miller,Spartans,S,6'3",210 lbs,USC,12004903
Joshua Taylor,Eagles,RB,6'0",185 lbs,Georgia,24385743
Andrew Jackson,Bears,OG,6'2",302 lbs,Notre Dame,1044558
William Rodriguez,Vikings,P,6'1",187 lbs,Notre Dame,15358238
William Wilson,Lions,RB,6'2",208 lbs,Georgia,12198976
Christopher Wilson,Titans,TE,6'1",239 lbs,Florida,20217181
William Johnson,Warriors,WR,5'10",205 lbs,Clemson,1037176
Joshua Gonzalez,Warriors,LB,6'0",254 lbs,Notre Dame,6013703
Christopher Garcia,Warriors,LB,6'6",258 lbs,Florida,10792103
Anthony Garcia,Eagles,DE,6'4",243 lbs,USC,4976929
Steven Rodriguez,Eagles,S,6'3",205 lbs,Georgia,19624852
James Jackson,Bears,P,6'2",190 lbs,USC,1686040
James Hernandez,Spartans,K,5'10",197 lbs,Alabama,16257607
Christopher Jones,Bears,QB,6'4",245 lbs,LSU,15583816
Paul Wilson,Titans,TE,6'2",260 lbs,Alabama,12348375
Steven Martinez,Lions,CB,5'9",215 lbs,Clemson,7470308
Charles Garcia,Titans,C,6'8",324 lbs,Texas,17002561
Charles Garcia,Spartans,S,5'10",192 lbs,Michigan,10317269
Richard Smith,Eagles,TE,6'5",238 lbs,Alabama,2896018
Paul Brown,Spartans,WR,6'1",193 lbs,Ohio State,7374708
Daniel Davis,Bears,OT,6'3",315 lbs,USC,11726742
John Hernandez,Eagles,OG,6'3",339 lbs,Notre Dame,23968090
Richard Lopez,Panthers,DE,6'0",241 lbs,Texas,14869056
Anthony Davis,Bears,QB,6'2",230 lbs,Notre Dame,16731080
David Williams,Titans,OT,6'4",316 lbs,Alabama,16961701
William Garcia,Warriors,LB,6'5",230 lbs,Clemson,9237134
Christopher Brown,Warriors,DE,6'5",233 lbs,Alabama,18417007
Paul Martin,Lions,OT,6'6",319 lbs,Clemson,11838740
Michael Martinez,Eagles,RB,6'1",204 lbs,,11393115
James Johnson,Bears,QB,6'1",233 lbs,Notre Dame,18876454
Joseph Williams,Titans,OG,6'2",324 lbs,Clemson,23424683
Donald Hernandez,Warriors,TE,6'3",245 lbs,Ohio State,19581856
Michael Hernandez,Eagles,CB,6'1",203 lbs,Florida,
Richard Moore,Vikings,S,5'11",185 lbs,Georgia,12775677
Joseph Garcia,Titans,CB,5'9",196 lbs,Florida,5745406
David Rodriguez,Panthers,WR,6'3",189 lbs,USC,24636981
Joshua Rodriguez,Spartans,LB,6'5",238 lbs,Ohio State,
Christopher Wilson,Bears,S,6'0",215 lbs,Texas,7718602
Steven Rodriguez,,RB,5'10",186 lbs,Michigan,20530859
James Taylor,Titans,TE,6'5",236 lbs,Clemson,4454622
Donald Martin,Panthers,CB,6'3",205 lbs,Notre Dame,14579765
Thomas Jones,Bears,OG,6'7",,Clemson,
John Taylor,Lions,P,6'1",195 lbs,Georgia,10635358
Mark Martin,Spartans,C,6'6",331 lbs,Florida,12563040
David Brown,Vikings,LB,6'3",242 lbs,Florida,22378546
Steven Garcia,Warriors,LB,6'6",258 lbs,Georgia,5269553
Matthew Taylor,Eagles,LB,6'1",,Ohio State,5904139
Daniel Taylor,Spartans,S,6'1",190 lbs,Alabama,
,,,,,