Name,Department
John Doe,Sales
Jane Smith,Marketing
Michael Brown,Engineering
Emily Davis,HR
Chris Wilson,Finance
Sarah Johnson,Sales
David Lee,Engineering
Jessica Taylor,Marketing
Matthew White,IT
Ashley Martin,Operations
James Anderson,Sales
Linda Thomas,Engineering
Robert Jackson,HR
Patricia White,Finance
William Harris,Marketing
Barbara Martin,IT
Richard Thompson,Operations
Elizabeth Garcia,Sales
Joseph Martinez,Engineering
Jennifer Robinson,HR
Charles Clark,Finance
Maria Rodriguez,Marketing
Thomas Lewis,IT
Susan Lee,Operations
Christopher Walker,Sales
Margaret Hall,Engineering
Daniel Allen,HR
Dorothy Young,Finance
Paul Hernandez,Marketing
Lisa King,IT
Mark Wright,Operations
Nancy Lopez,Sales
Donald Hill,Engineering
Karen Scott,HR
George Green,Finance
Betty Adams,Marketing
Kenneth Baker,IT
Helen Gonzalez,Operations
Steven Nelson,Sales
Sandra Carter,Engineering
Edward Mitchell,HR
Donna Perez,Finance
Brian Roberts,Marketing
Carol Turner,IT
Ronald Phillips,Operations
Ruth Campbell,Sales
Anthony Parker,Engineering
Sharon Evans,HR
Kevin Edwards,Finance
Michelle Collins,Marketing
Jason Stewart,IT
Laura Sanchez,Operations
Jeff Morris,Sales
Kimberly Rogers,Engineering
Jacob Reed,HR
Deborah Cook,Finance
Gary Morgan,Marketing
Jessica Bell,IT
Nicholas Murphy,Operations
Cynthia Bailey,Sales
Eric Rivera,Engineering
Melissa Cooper,HR
Stephen Richardson,Finance
Amy Cox,Marketing
Larry Howard,IT
Angela Ward,Operations
Scott Torres,Sales
Virginia Peterson,Engineering
Justin Gray,HR
Kathleen Ramirez,Finance
Brandon James,Marketing
Pamela Watson,IT
Benjamin Brooks,Operations
Martha Kelly,Sales
Gregory Sanders,Engineering
Debra Price,HR
Samuel Bennett,Finance
Stephanie Wood,Marketing
Alexander Barnes,IT
Rebecca Ross,Operations
Patrick Henderson,Sales
Jacqueline Coleman,Engineering
Jack Jenkins,HR
Gloria Perry,Finance
Dennis Powell,Marketing
Joan Long,IT
Jerry Patterson,Operations
Teresa Hughes,Sales
Tyler Flores,Engineering
Alice Washington,HR
Douglas Butler,Finance
Christina Simmons,Marketing
Henry Foster,IT
Judith Gonzales,Operations
Walter Bryant,Sales
Marie Alexander,Engineering
Arthur Russell,HR
Ann Griffin,Finance
Jose Diaz,Marketing
Christine Hayes,IT